{"cameraMode":{"drawMode":0,"name":"Shaded","section":"Shading Mode"},"sceneLighting":true,"audioPlay":false,"sceneViewState":{"m_AlwaysRefresh":false,"showFog":true,"showSkybox":true,"showFlares":true,"showImageEffects":true,"showParticleSystems":true,"showVisualEffectGraphs":true,"m_FxEnabled":true},"in2DMode":false,"pivot":{"x":761.3898315429688,"y":1563.6630859375,"z":2.4989547729492189},"rotation":{"x":-0.021306253969669343,"y":-0.012899178080260754,"z":0.0002748113765846938,"w":-0.9996889233589172},"size":1581.2615966796875,"orthographic":false}